{"images": {"icon-small": "https://s3.amazonaws.com/downloads.mesosphere.io/universe/assets/icon-service-openldap-admin-small.png", "icon-medium": "https://s3.amazonaws.com/downloads.mesosphere.io/universe/assets/icon-service-openldap-admin-medium.png", "icon-large": "https://s3.amazonaws.com/downloads.mesosphere.io/universe/assets/icon-service-openldap-admin-large.png", "screenshots": ["http://i1-scripts.softpedia-static.com/screenshots/phpLDAPadmin-14484.png", "https://a.fsdn.com/con/app/proj/phpldapadmin/screenshots/303927.jpg", "http://i1-linux.softpedia-static.com/screenshots/phpLDAPadmin_2.png"]}, "assets": {"container": {"docker": {"openldap-admin-docker": "dinkel/phpldapadmin:latest"}}}}