{
  "images": {
    "icon-small": "https://downloads.mesosphere.com/hdfs/assets/icon-service-hdfs-small.png",
    "icon-medium": "https://downloads.mesosphere.com/hdfs/assets/icon-service-hdfs-medium.png",
    "icon-large": "https://downloads.mesosphere.com/hdfs/assets/icon-service-hdfs-large.png"
  },
  "assets": {
    "uris": {
      "scheduler-zip": "https://downloads.mesosphere.com/hdfs/assets/0.9.0-2.6.0/scheduler.zip",
      "executor-zip": "https://downloads.mesosphere.com/hdfs/assets/0.9.0-2.6.0/executor.zip",
      "jre-tar-gz": "https://downloads.mesosphere.com/hdfs/assets/0.9.0-2.6.0/jre-8u91-linux-x64.tar.gz",
      "hadoop-tar-gz": "https://downloads.mesosphere.com/hdfs/assets/0.9.0-2.6.0/hadoop-2.6.0-cdh5.7.1-dcos.tar.gz"
    }
  }
}
