{
  "packages":[
    {
      "currentVersion":"0.3.0",
      "description":"A distributed free and open-source database with a flexible data model for documents, graphs, and key-values. Build high performance applications using a convenient SQL-like query language or JavaScript extensions.",
      "framework":true,
      "name":"arangodb",
      "selected":true,
      "tags":[
        "arangodb",
        "NoSQL",
        "database"
      ],
      "versions":{
        "0.2.1":"0",
        "0.3.0":"1"
      }
    },
    {
      "currentVersion":"16.2-beta",
      "description":"Avi Vantage ADC",
      "framework":false,
      "name":"avi",
      "selected":false,
      "tags":[
        "loadbalancer",
        "service-discovery",
        "reverse-proxy",
        "adc",
        "analytics"
      ],
      "versions":{
        "16.2-beta":"0"
      }
    },
    {
      "currentVersion":"0.1.0",
      "description":"Calico networking for DCOS.  Calico provides IP-per-task functionality with rich policy.  This framework optionally installs Docker multi-host networking (required for Calico with the Docker containerizer) and Agent network hooks with netmodules (required for Calico with Unified tasks).  Both installations will cause temporary restarts of an Agent causing transient task loss.  The number of agents restarted at the same time is configurable and defaults to a single concurrent restart.  At the moment, only a limited set of DCOS versions and OSes are supported - check the documentation for details.  The framework will still run on unsupported versions, in which case the Agent network hooks will not be installed and Calico networking will only be available with the Docker containerizer.",
      "framework":true,
      "name":"calico",
      "selected":false,
      "tags":[
        "calico",
        "networking",
        "ip-per-container",
        "ip-per-task",
        "policy"
      ],
      "versions":{
        "0.1.0":"0"
      }
    },
    {
      "currentVersion":"0.2.0-2",
      "description":"Apache Cassandra running on Apache Mesos",
      "framework":true,
      "name":"cassandra",
      "selected":true,
      "tags":[
        "data",
        "database",
        "nosql"
      ],
      "versions":{
        "0.2.0-1":"0",
        "0.2.0-2":"1"
      }
    },
    {
      "currentVersion":"2.4.0",
      "description":"A fault tolerant job scheduler for Mesos which handles dependencies and ISO8601 based schedules.",
      "framework":true,
      "name":"chronos",
      "selected":true,
      "tags":[
        "cron",
        "analytics",
        "batch"
      ],
      "versions":{
        "2.4.0":"0"
      }
    },
    {
      "currentVersion":"1.0.3-2.0.1",
      "description":"Confluent Platform running on DCOS",
      "framework":true,
      "name":"confluent",
      "selected":false,
      "tags":[
        "message",
        "broker",
        "pubsub",
        "kafka"
      ],
      "versions":{
        "1.0.1-2.0.1":"1",
        "1.0.3-2.0.1":"2",
        "2.0.1-mesos":"0"
      }
    },
    {
      "currentVersion":"0.1.0",
      "description":"A Mesos Framework that allows running and resizing one or multiple Crate database clusters.",
      "framework":true,
      "name":"crate",
      "selected":false,
      "tags":[
        "database",
        "nosql"
      ],
      "versions":{
        "0.1.0":"0"
      }
    },
    {
      "currentVersion":"5.4.3",
      "description":"Cloud-scale monitoring",
      "framework":false,
      "name":"datadog",
      "selected":false,
      "tags":[
        "datadog",
        "monitoring"
      ],
      "versions":{
        "5.4.3":"0"
      }
    },
    {
      "currentVersion":"0.7.0",
      "description":"DCOS implementation of the Mesos-Elasticsearch framework",
      "framework":true,
      "name":"elasticsearch",
      "selected":false,
      "tags":[
        "elastic",
        "monitoring",
        "debug"
      ],
      "versions":{
        "0.7.0":"0"
      }
    },
    {
      "currentVersion":"0.0.3",
      "description":"A distributed consistent key-value store for shared configuration and service discovery.",
      "framework":true,
      "name":"etcd",
      "selected":false,
      "tags":[
        "consensus",
        "distributed-coordination",
        "coordination"
      ],
      "versions":{
        "0.0.2":"0",
        "0.0.3":"1"
      }
    },
    {
      "currentVersion":"0.8.1",
      "description":"ZooKeeper co-process for instance monitoring, backup/recovery, cleanup and visualization.",
      "framework":false,
      "name":"exhibitor",
      "selected":false,
      "tags":[
        "zookeeper"
      ],
      "versions":{
        "0.8.1":"0"
      }
    },
    {
      "currentVersion":"0.1.8",
      "description":"Hadoop Distributed File System (HDFS), Highly Available",
      "framework":true,
      "name":"hdfs",
      "selected":false,
      "tags":[
        "filesystem",
        "hadoop",
        "analytics"
      ],
      "versions":{
        "0.1.7":"0",
        "0.1.8":"1"
      }
    },
    {
      "currentVersion":"0.0.1",
      "description":"Hue Web Interface to Hadoop",
      "framework":false,
      "name":"hue",
      "selected":false,
      "tags":[
        "hadoop",
        "filesystem",
        "hdfs"
      ],
      "versions":{
        "0.0.1":"0"
      }
    },
    {
      "currentVersion":"0.2.3",
      "description":"Jenkins is an award-winning, cross-platform, continuous integration and continuous delivery application that increases your productivity. Use Jenkins to build and test your software projects continuously making it easier for developers to integrate changes to the project, and making it easier for users to obtain a fresh build. It also allows you to continuously deliver your software by providing powerful ways to define your build pipelines and integrating with a large number of testing and deployment technologies.",
      "framework":true,
      "name":"jenkins",
      "selected":true,
      "tags":[
        "continuous-integration",
        "ci",
        "jenkins"
      ],
      "versions":{
        "0.1.3":"0",
        "0.1.4":"1",
        "0.2.0":"2",
        "0.2.1":"4",
        "0.2.2":"5",
        "0.2.3":"7"
      }
    },
    {
      "currentVersion":"0.9.4.0",
      "description":"Apache Kafka running on top of Apache Mesos",
      "framework":true,
      "name":"kafka",
      "selected":true,
      "tags":[
        "message",
        "broker",
        "messaging",
        "IoT"
      ],
      "versions":{
        "0.9.2.0":"0",
        "0.9.4.0":"3"
      }
    },
    {
      "currentVersion":"0.3.1-0.1",
      "description":"A dynamic linker for microservices.",
      "framework":false,
      "name":"linkerd",
      "selected":false,
      "tags":[
        "linkerd",
        "namerd",
        "buoyant",
        "loadbalancer",
        "service-discovery",
        "proxy",
        "microservices",
        "rpc"
      ],
      "versions":{
        "0.3.1-0.1":"0"
      }
    },
    {
      "currentVersion":"1.1.1",
      "description":"A container orchestration platform for Mesos and DCOS.",
      "framework":true,
      "name":"marathon",
      "selected":true,
      "tags":[
        "init",
        "long-running"
      ],
      "versions":{
        "0.11.1":"0",
        "0.15.3":"1",
        "1.1.1":"2"
      }
    },
    {
      "currentVersion":"0.0.6-0.1",
      "description":"HAProxy configured using Marathon state",
      "framework":false,
      "name":"marathon-lb",
      "selected":false,
      "tags":[
        "loadbalancer",
        "service-discovery",
        "reverse-proxy",
        "proxy",
        "haproxy"
      ],
      "versions":{
        "0.0.3-0.1":"0",
        "0.0.4-0.1":"1",
        "0.0.5-0.1":"2",
        "0.0.6-0.1":"3"
      }
    },
    {
      "currentVersion":"0.0.1",
      "description":"MemSQL running on Apache Mesos. This framework provides the ability to create and manage a set of MemSQL clusters, each running with the MemSQL Ops management tool.",
      "framework":true,
      "name":"memsql",
      "selected":false,
      "tags":[
        "mysql",
        "database",
        "rdbms"
      ],
      "versions":{
        "0.0.1":"0"
      }
    },
    {
      "currentVersion":"0.0.1",
      "description":"Redis is the fastest in-memory KV-Cache and Datatstructure store",
      "framework":true,
      "name":"mr-redis",
      "selected":false,
      "tags":[
        "inmemory",
        "redis"
      ],
      "versions":{
        "0.0.1":"0"
      }
    },
    {
      "currentVersion":"0.0.1",
      "description":"Apache Myriad running on DCOS",
      "framework":true,
      "name":"myriad",
      "selected":true,
      "tags":[
        "hadoop",
        "yarn",
        "myriad"
      ],
      "versions":{
        "0.0.1":"0"
      }
    },
    {
      "currentVersion":"5.7.12",
      "description":"MySQL is the world's most popular open source database. With its proven performance, reliability and ease-of-use, MySQL has become the leading database choice for web-based applications, covering the entire range from personal projects and websites, via e-commerce and information services, all the way to high profile web properties including Facebook, Twitter, YouTube, Yahoo! and many more.",
      "framework":false,
      "name":"mysql",
      "selected":false,
      "tags":[
        "database",
        "mysql",
        "sql"
      ],
      "versions":{
        "5.7.12":"1"
      }
    },
    {
      "currentVersion":"0.3.1-0.1",
      "description":"A service for managing name delegation for microservices.",
      "framework":false,
      "name":"namerd",
      "selected":false,
      "tags":[
        "linkerd",
        "namerd",
        "buoyant",
        "loadbalancer",
        "service-discovery",
        "proxy",
        "microservices",
        "rpc"
      ],
      "versions":{
        "0.3.1-0.1":"0"
      }
    },
    {
      "currentVersion":"1.8.1",
      "description":"Nginx package",
      "framework":false,
      "name":"nginx",
      "selected":false,
      "tags":[
        "proxy",
        "web-server",
        "cache"
      ],
      "versions":{
        "1.8.1":"1"
      }
    },
    {
      "currentVersion":"0.0.0-0.1",
      "description":"Your private path to access network resources and services securely: Server service",
      "framework":false,
      "name":"openvpn",
      "selected":false,
      "tags":[
        "vpn",
        "remote-access"
      ],
      "versions":{
        "0.0.0-0.1":"0"
      }
    },
    {
      "currentVersion":"0.0.0-0.1",
      "description":"Your private path to access network resources and services securely: Admin service.",
      "framework":false,
      "name":"openvpn-admin",
      "selected":false,
      "tags":[
        "vpn",
        "remote-access"
      ],
      "versions":{
        "0.0.0-0.1":"1"
      }
    },
    {
      "currentVersion":"1.2.1",
      "description":"Quobyte is a software defined and fault tolerant distributed file system running on commodity hardware.",
      "framework":true,
      "name":"quobyte",
      "selected":false,
      "tags":[
        "storage",
        "filesystem",
        "bigdata"
      ],
      "versions":{
        "1.2":"0",
        "1.2.1":"1"
      }
    },
    {
      "currentVersion":"0.1.1",
      "description":"A distributed NoSQL key-value data store that offers high availability, fault tolerance, operational simplicity, and scalability.",
      "framework":true,
      "name":"riak",
      "selected":false,
      "tags":[
        "database",
        "riak",
        "NoSql"
      ],
      "versions":{
        "0.1.1":"0"
      }
    },
    {
      "currentVersion":"0.1",
      "description":"Cloud-native monitoring powered by artificial intelligence",
      "framework":false,
      "name":"ruxit",
      "selected":false,
      "tags":[
        "ruxit",
        "apm",
        "monitoring"
      ],
      "versions":{
        "0.1":"0"
      }
    },
    {
      "currentVersion":"1.6.0",
      "description":"Spark is a fast and general cluster computing system for Big Data",
      "framework":true,
      "name":"spark",
      "selected":true,
      "tags":[
        "bigdata",
        "mapreduce",
        "batch",
        "analytics"
      ],
      "versions":{
        "1.5.0-multi-roles-v2":"0",
        "1.6.0":"4"
      }
    },
    {
      "currentVersion":"0.0.2",
      "description":"Spark Notebook package for DCOS",
      "framework":true,
      "name":"spark-notebook",
      "selected":false,
      "tags":[
        "spark",
        "notebook",
        "spark-notebook",
        "interactive",
        "big-data",
        "apachespark",
        "data-fellas"
      ],
      "versions":{
        "0.0.2":"0"
      }
    },
    {
      "currentVersion":"0.1.0",
      "description":"Apache Storm is a stream processing framework.",
      "framework":true,
      "name":"storm",
      "selected":false,
      "tags":[
        "streaming"
      ],
      "versions":{
        "0.1.0":"0"
      }
    },
    {
      "currentVersion":"0.4.0",
      "description":"Swarm is a Docker-native clustering system.",
      "framework":true,
      "name":"swarm",
      "selected":false,
      "tags":[
        "docker"
      ],
      "versions":{
        "0.4.0":"0"
      }
    },
    {
      "currentVersion":"0.14.0",
      "description":"Live visualisation, monitoring and management\n\nWeave Scope produces a live interactive map of your containerized services and applications with no coding and no instrumentation",
      "framework":false,
      "name":"weavescope",
      "selected":false,
      "tags":[
        "microservices",
        "visualisation",
        "monitoring"
      ],
      "versions":{
        "0.14.0":"0"
      }
    },
    {
      "currentVersion":"0.14.0",
      "description":"Live visualisation, monitoring and management\n\nWeave Scope produces a live interactive map of your containerized services and applications with no coding and no instrumentation",
      "framework":false,
      "name":"weavescope-probe",
      "selected":false,
      "tags":[
        "microservices",
        "visualisation",
        "monitoring"
      ],
      "versions":{
        "0.14.0":"0"
      }
    },
    {
      "currentVersion":"0.5.6",
      "description":"Zeppelin is a web-based notebook that enables interactive data analytics",
      "framework":true,
      "name":"zeppelin",
      "selected":false,
      "tags":[
        "nflabs",
        "bigdata",
        "spark",
        "notebook",
        "interactive"
      ],
      "versions":{
        "0.5.6":"1"
      }
    }
  ],
  "version":"2.0.0-rc2"
}
