{
  "packages":[
    {
      "currentVersion":"0.1.0",
      "description":"A Mesos Framework that allows running and resizing one or multiple Crate database clusters.",
      "framework":true,
      "name":"crate",
      "tags":[
        "database",
        "distributed",
        "nosql"
      ],
      "versions":{
        "0.1.0":"0"
      }
    },
    {
      "currentVersion":"5.4.3",
      "description":"Cloud-scale monitoring",
      "framework":false,
      "name":"datadog",
      "tags":[
        "datadog",
        "monitoring"
      ],
      "versions":{
        "5.4.3":"0"
      }
    },
    {
      "currentVersion":"0.4.3",
      "description":"DCOS implementation of the Mesos-Elasticsearch framework",
      "framework":true,
      "name":"elasticsearch",
      "tags":[
        "dcos",
        "mesos",
        "framework",
        "elasticsearch",
        "elastic"
      ],
      "versions":{
        "0.2.0":"0",
        "0.4.3":"1"
      }
    },
    {
      "currentVersion":"0.0.1",
      "description":"A distributed consistent key-value store for shared configuration and service discovery.",
      "framework":true,
      "name":"etcd",
      "tags":[
        "mesosphere",
        "framework",
        "consensus"
      ],
      "versions":{
        "0.0.1":"0"
      }
    },
    {
      "currentVersion":"0.1.0",
      "description":"Example DCOS application package",
      "framework":false,
      "name":"helloworld",
      "tags":[
        "mesosphere",
        "example",
        "subcommand"
      ],
      "versions":{
        "0.1.0":"0"
      }
    },
    {
      "currentVersion":"0.0.1",
      "description":"Hue Web Interface to Hadoop",
      "framework":false,
      "name":"hue",
      "tags":[
        "mesosphere",
        "hadoop",
        "filesystem",
        "hdfs"
      ],
      "versions":{
        "0.0.1":"0"
      }
    },
    {
      "currentVersion":"0.1.0",
      "description":"Jenkins is an award-winning, cross-platform, continuous integration and continuous delivery application that increases your productivity. Use Jenkins to build and test your software projects continuously making it easier for developers to integrate changes to the project, and making it easier for users to obtain a fresh build. It also allows you to continuously deliver your software by providing powerful ways to define your build pipelines and integrating with a large number of testing and deployment technologies.",
      "framework":true,
      "name":"jenkins",
      "tags":[
        "mesosphere",
        "framework",
        "continuous-integration",
        "ci",
        "jenkins"
      ],
      "versions":{
        "0.1.0":"0"
      }
    },
    {
      "currentVersion":"v1.0.6-v0.6.6-alpha",
      "description":"Kubernetes is an open source system for managing containerized applications across multiple hosts, providing basic mechanisms for deployment, maintenance, and scaling of applications.",
      "framework":true,
      "name":"kubernetes",
      "tags":[
        "mesosphere",
        "framework",
        "pod",
        "label",
        "paas"
      ],
      "versions":{
        "k8s-0.14.2-k8sm-0.5-dcos-20150603T1136520000":"0",
        "v1.0.5-v0.6.4-alpha":"1",
        "v1.0.6-v0.6.6-alpha":"2"
      }
    },
    {
      "currentVersion":"0.0.0-0.1",
      "description":"HAProxy configured from marathon state",
      "framework":false,
      "name":"marathon-lb",
      "tags":[
        "loadbalancer",
        "service-discovery",
        "reverse-proxy",
        "proxy",
        "haproxy"
      ],
      "versions":{
        "0.0.0-0.1":"0"
      }
    },
    {
      "currentVersion":"0.1.0",
      "description":"Myriad enables co-existence of Apache Hadoop YARN and Apache Mesos together on the same cluster and allows dynamic resource allocations across both Hadoop and other applications running on the same physical data center infrastructure.",
      "framework":true,
      "name":"myriad",
      "tags":[
        "mesosphere",
        "framework"
      ],
      "versions":{
        "0.1.0":"0"
      }
    },
    {
      "currentVersion":"0.1.1",
      "description":"A distributed NoSQL key-value data store that offers high availability, fault tolerance, operational simplicity, and scalability.",
      "framework":true,
      "name":"riak",
      "tags":[
        "mesosphere",
        "framework",
        "database",
        "riak"
      ],
      "versions":{
        "0.1.1":"0"
      }
    },
    {
      "currentVersion":"0.0.1",
      "description":"Spark Notebook package for DCOS",
      "framework":true,
      "name":"spark-notebook",
      "tags":[
        "spark",
        "notebook",
        "spark-notebook",
        "interactive",
        "big-data",
        "bigdata",
        "apachespark",
        "datafellas",
        "data-fellas"
      ],
      "versions":{
        "0.0.1":"0"
      }
    },
    {
      "currentVersion":"0.4.0",
      "description":"Swarm is a Docker-native clustering system.",
      "framework":true,
      "name":"swarm",
      "tags":[
        "mesosphere",
        "framework",
        "docker"
      ],
      "versions":{
        "0.4.0":"0"
      }
    },
    {
      "currentVersion":"0.0.1",
      "description":"Zeppelin is a web-based notebook that enables interactive data analytics",
      "framework":true,
      "name":"zeppelin",
      "tags":[
        "nflabs",
        "framework",
        "bigdata",
        "spark",
        "notebook",
        "interactive"
      ],
      "versions":{
        "0.0.1":"0"
      }
    }
  ],
  "version":"1.0.0-rc1"
}