{
  "id": "swarm",
  "cpus": 1,
  "mem": 512,
  "instances": 1,
  "cmd": "SWARM_MESOS_USER={{swarm.user}} SWARM_MESOS_OFFER_TIMEOUT={{swarm.offer-timeout}}s swarm --debug m -H :$PORT0 -c mesos-experimental {{mesos.master}}",
  "ports": [
    0
  ],
  "acceptedResourceRoles": [
    "slave_public"
  ],
  "container": {
    "type": "DOCKER",
    "docker": {
      "image": "dockerswarm/swarm:master",
      "network": "HOST"
    }
  },
  "healthChecks": [
    {
      "path": "/_ping",
      "portIndex": 0,
      "protocol": "HTTP",
      "gracePeriodSeconds": 5,
      "intervalSeconds": 60,
      "timeoutSeconds": 10,
      "maxConsecutiveFailures": 3
    }
  ]
}
