{
  "images": {
    "icon-small": "https://downloads.mesosphere.com/zeppelin/assets/icon-service-zeppelin-small.png",
    "icon-medium": "https://downloads.mesosphere.com/zeppelin/assets/icon-service-zeppelin-medium.png",
    "icon-large": "https://downloads.mesosphere.com/zeppelin/assets/icon-service-zeppelin-large.png"
  },
  "assets": {
    "container": {
      "docker": {
        "zeppelin-docker": "mesosphere/zeppelin:0.5.6-2",
        "spark-docker": "mesosphere/spark:1.6.0"
      }
    },
    "uris": {
      "spark-1-6-0-tgz": "https://downloads.mesosphere.io/spark/assets/spark-1.6.0.tgz"
    }
  }
}
