{
    "id": "/hue",
    "container": {
        "type": "DOCKER",
        "docker": {
            "image": "mesosphere/hue",
            "network": "BRIDGE",
            "portMappings": [
                {
                    "containerPort": 8000,
                    "hostPort": {{hue.port}},
                    "protocol": "tcp"
                },
                {
                    "containerPort": 14000,
                    "hostPort": {{httpfs.port}},
                    "protocol": "tcp"
                }
            ]
        }
    },
    "uris": [
        "{{hdfs.package-uri}}",
        "{{hue.configuration}}",
        "{{httpfs.configuration}}"
    ],
    "cmd": "cd $MESOS_SANDBOX/hdfs-mesos*/ && export PATH=`pwd`/bin:$PATH && \\cp -f ./etc/hadoop/*-site.xml /etc/hadoop-httpfs/conf/ && \\cp -f $MESOS_SANDBOX/httpfs-site.xml /etc/hadoop-httpfs/conf/ && service hadoop-httpfs start; \\cp -f $MESOS_SANDBOX/hue.ini /etc/hue/conf/hue.ini && /usr/lib/hue/build/env/bin/hue runserver 0.0.0.0:8000",
    "ports": [{{hue.port}}, {{httpfs.port}}],
    "cpus": 0.5,
    "mem": 512,
    "healthChecks": [
    {
      "protocol": "HTTP",
      "portIndex": 0,
      "path": "/",
      "gracePeriodSeconds": 600,
      "intervalSeconds": 20,
      "maxConsecutiveFailures": 3
    }
  ]
}