{"version": "2.0.0", "packages": [{"versions": {"0.2.1": "0", "0.3.0": "1", "0.4.0": "2"}, "name": "arangodb", "currentVersion": "0.4.0", "description": "--- LEGACY VERSION. Please use arangodb3 for new installs -- A distributed free and open-source database with a flexible data model for documents, graphs, and key-values. Build high performance applications using a convenient SQL-like query language or JavaScript extensions.", "framework": true, "tags": ["arangodb", "NoSQL", "database"], "selected": false}, {"versions": {"1.0.0": "0", "1.0.1": "1", "1.0.2": "2", "1.0.3": "3", "1.0.4": "4"}, "name": "arangodb3", "currentVersion": "1.0.4", "description": "A distributed free and open-source database with a flexible data model for documents, graphs, and key-values. Build high performance applications using a convenient SQL-like query language or JavaScript extensions.", "framework": true, "tags": ["arangodb", "NoSQL", "database"], "selected": true}, {"versions": {"16.2-beta": "0", "16.2": "1", "2.0": "2"}, "name": "avi", "currentVersion": "2.0", "description": "Avi Vantage ADC", "framework": false, "tags": ["loadbalancer", "service-discovery", "reverse-proxy", "adc", "analytics", "microservices", "gslb"], "selected": false}, {"versions": {"4.5": "0"}, "name": "bitbucket", "currentVersion": "4.5", "description": "Bitbucket Server gives you secure, fast, enterprise-grade controls, like fine-grained permissions and powerful management features.", "framework": false, "tags": ["git", "bitbucket", "bit", "bucket", "vcs", "scm"], "selected": false}, {"versions": {"4.3.4-0.1": "0"}, "name": "bookkeeper", "currentVersion": "4.3.4-0.1", "description": "BookKeeper is a replicated log service which can be used to build replicated state machines. A log contains a sequence of events which can be applied to a state machine. BookKeeper guarantees that each replica state machine will see all the same entries, in the same order. One bookkeeper instance is called a bookie, By default this package deploy 1 bookie. Usually we should deploy at least 3 bookies to start a bookkeeper cluster. And there is an example included here:https://github.com/dcos/examples", "framework": false, "tags": ["service", "bookkeeper"], "selected": false}, {"versions": {"0.1.0": "0", "0.3.1": "2", "0.4.0": "3"}, "name": "calico", "currentVersion": "0.4.0", "description": "Calico networking for DC/OS.  Calico provides IP-per-task functionality with rich policy.  This Universe Package simplifies the installation of Calico and its dependencies on a stock DC/OS cluster. It is configurable such that it assumes Calico's dependencies are installed, and merely serves to ensure calico's core processes are running. By default, it configures Docker with multi-host networking (required to use Calico with the Docker Containerizer), and reboots each Agent to pick up Calico's CNI configuration (required for Calico with Unified tasks). Both of these steps will cause temporary restarts of an Agent causing transient task loss. A more stable approach to Calico in DC/OS will have users performing these steps manually, and disabling them in the Universe Package. At the moment, only a limited set of DC/OS versions and OSes are supported - check the documentation for details.  The framework will still run on unsupported versions, in which case the Agent network hooks will not be installed and Calico networking will only be available with the Docker containerizer.", "framework": true, "tags": ["calico", "networking", "ip-per-container", "ip-per-task", "policy"], "selected": false}, {"versions": {"0.2.0-1": "0", "0.2.0-2": "1"}, "name": "cassandra", "currentVersion": "0.2.0-2", "description": "Apache Cassandra running on Apache Mesos", "framework": true, "tags": ["data", "database", "nosql"], "selected": false}, {"versions": {"0.2.9-0.1": "0", "0.2.9-0.2": "1"}, "name": "ceph", "currentVersion": "0.2.9-0.2", "description": "Ceph, a free-software storage platform, implements object storage on a single distributed computer cluster, and provides interfaces for object-, block- and file-level storage. Ceph aims primarily for completely distributed operation without a single point of failure, scalable to the exabyte level, and freely available.\n\nCeph replicates data and makes it fault-tolerant, using commodity hardware and requiring no specific hardware support. As a result of its design, the system is both self-healing and self-managing, aiming to minimize administration time and other costs.", "framework": false, "tags": ["ceph", "storage", "filesystem"], "selected": false}, {"versions": {"2.4.0": "1", "3.0.0": "3"}, "name": "chronos", "currentVersion": "3.0.0", "description": "A fault tolerant job scheduler for Mesos which handles dependencies and ISO8601 based schedules.", "framework": true, "tags": ["cron", "analytics", "batch"], "selected": false}, {"versions": {"0.3.16.4": "0"}, "name": "concord", "currentVersion": "0.3.16.4", "description": "High Performance Stream Processing with C++ and Apache Mesos", "framework": true, "tags": ["stream", "framework", "pubsub", "multi-lang"], "selected": false}, {"versions": {"0.9.0-3.0.0": "0"}, "name": "confluent-connect", "currentVersion": "0.9.0-3.0.0", "description": "confluent-connect package", "framework": false, "tags": ["kafka", "confluent", "connect"], "selected": false}, {"versions": {"0.9.0-3.0.0": "0"}, "name": "confluent-control-center", "currentVersion": "0.9.0-3.0.0", "description": "confluent-control-center package", "framework": false, "tags": ["kafka", "confluent", "schema", "registry"], "selected": false}, {"versions": {"2.0.1-mesos": "0", "1.0.1-2.0.1": "1", "1.0.3-2.0.1": "2", "1.0.3-3.0.0": "3", "1.1.4-3.0.0": "4", "1.1.9-3.0.0": "5"}, "name": "confluent-kafka", "currentVersion": "1.1.9-3.0.0", "description": "Apache Kafka by Confluent", "framework": true, "tags": ["message", "broker", "pubsub", "kafka"], "selected": true}, {"versions": {"0.9.0-3.0.0": "0"}, "name": "confluent-rest-proxy", "currentVersion": "0.9.0-3.0.0", "description": "Confluent Platform REST Proxy service", "framework": false, "tags": ["kafka", "confluent", "proxy", "rest"], "selected": false}, {"versions": {"0.9.0-3.0.0": "0"}, "name": "confluent-schema-registry", "currentVersion": "0.9.0-3.0.0", "description": "confluent-schema-registry package", "framework": false, "tags": ["kafka", "confluent", "schema", "registry"], "selected": false}, {"versions": {"0.1.0": "0"}, "name": "crate", "currentVersion": "0.1.0", "description": "A Mesos Framework that allows running and resizing one or multiple Crate database clusters.", "framework": true, "tags": ["database", "nosql"], "selected": false}, {"versions": {"5.4.3": "0", "5.8.3": "1"}, "name": "datadog", "currentVersion": "5.8.3", "description": "Cloud-scale monitoring", "framework": false, "tags": ["datadog", "monitoring"], "selected": false}, {"versions": {"latest": "0"}, "name": "dynatrace", "currentVersion": "latest", "description": "Dynatrace is cloud-native monitoring for highly dynamic container and cluster environments. Dynatrace allows you to better optimize your container deployments and memory allocations by using real-time usage data. Dynatrace is the only solution capable of automatically pinpointing application and infrastructure issues in seconds using artificial intelligence", "framework": false, "tags": ["dynatrace", "apm", "monitoring"], "selected": false}, {"versions": {"1.0.0": "0", "2.0.0": "1"}, "name": "ecr-login", "currentVersion": "2.0.0", "description": "AWS ECR login utility", "framework": false, "tags": ["ecr", "aws"], "selected": false}, {"versions": {"0.7.0": "0", "1.0.1": "1", "1.0.1-2": "2"}, "name": "elasticsearch", "currentVersion": "1.0.1-2", "description": "DCOS implementation of the Mesos-Elasticsearch framework", "framework": true, "tags": ["elastic", "monitoring", "debug"], "selected": false}, {"versions": {"0.0.2": "0", "0.0.3": "1"}, "name": "etcd", "currentVersion": "0.0.3", "description": "A distributed consistent key-value store for shared configuration and service discovery.", "framework": true, "tags": ["consensus", "distributed-coordination", "coordination"], "selected": false}, {"versions": {"0.8.1": "0", "1.0.0": "1"}, "name": "exhibitor", "currentVersion": "1.0.0", "description": "ZooKeeper co-process for instance monitoring, backup/recovery, cleanup and visualization.", "framework": false, "tags": ["zookeeper"], "selected": false}, {"versions": {"0.1.0": "0"}, "name": "gestalt-framework", "currentVersion": "0.1.0", "description": "The Gestalt Framework is a solution for building enterprise-grade cloud-native applications using containers and lambdas.", "framework": true, "tags": ["gestalt-framework", "orchestration", "lambda"], "selected": false}, {"versions": {"3.1.1-0.1": "0"}, "name": "grafana", "currentVersion": "3.1.1-0.1", "description": "Grafana is a leading open source application for visualizing large-scale measurement data. It provides a powerful and elegant way to create, share, and explore data and dashboards from your disparate metric databases, either with your team or the world. Grafana is most commonly used for Internet infrastructure and application analytics, but many use it in other domains including industrial sensors, home automation, weather, and process control. Grafana features pluggable panels and data sources allowing easy extensibility. There is currently rich support for Graphite, InfluxDB and OpenTSDB. There is also experimental support for KairosDB, and SQL is on the roadmap. Grafana has a variety of panels, including a fully featured graph panel with rich visualization options.\n\nThis package can be used alongside the DC/OS 'cadvisor' and 'influxdb' packages for a cluster-wide monitoring solution.\n\nInstallation Documentation: https://github.com/dcos/examples/tree/master/1.8/cadvisor-influxdb-grafana\n\n", "framework": false, "tags": ["grafana", "monitoring", "visualization"], "selected": false}, {"versions": {"0.1.7": "0", "0.1.8": "1"}, "name": "hdfs", "currentVersion": "0.1.8", "description": "Hadoop Distributed File System (HDFS), Highly Available", "framework": true, "tags": ["filesystem", "hadoop", "analytics"], "selected": false}, {"versions": {"0.0.1": "0"}, "name": "hue", "currentVersion": "0.0.1", "description": "Hue Web Interface to Hadoop", "framework": false, "tags": ["hadoop", "filesystem", "hdfs"], "selected": false}, {"versions": {"0.1.3": "0", "0.1.4": "1", "0.2.0": "2", "0.2.1": "4", "0.2.2": "5", "0.2.3": "8", "1.0.0-1.651.3": "11", "2.0.0-2.7.2": "12", "2.0.1-2.7.4": "13", "2.1.0-2.19.3": "15"}, "name": "jenkins", "currentVersion": "2.1.0-2.19.3", "description": "Jenkins is an award-winning, cross-platform, continuous integration and continuous delivery application that increases your productivity. Use Jenkins to build and test your software projects continuously making it easier for developers to integrate changes to the project, and making it easier for users to obtain a fresh build. It also allows you to continuously deliver your software by providing powerful ways to define your build pipelines and integrating with a large number of testing and deployment technologies.", "framework": true, "tags": ["continuous-integration", "ci", "jenkins"], "selected": true}, {"versions": {"0.9.2.0": "0", "0.9.4.0": "3", "0.1.0": "4", "0.2.0": "5", "1.1.0-0.10.0.0": "19", "1.1.1-0.10.0.0": "20", "1.1.2-0.10.0.0": "21", "1.1.3-0.10.0.0": "22", "1.1.4-0.10.0.0": "23", "1.1.5-0.10.0.0": "24", "1.1.6-0.10.0.0": "25", "1.1.7-0.10.0.0": "26", "1.1.8-0.10.0.0": "27", "1.1.9-0.10.0.0": "28"}, "name": "kafka", "currentVersion": "1.1.9-0.10.0.0", "description": "Apache Kafka running on DC/OS", "framework": true, "tags": ["message", "broker", "pubsub"], "selected": false}, {"versions": {"1.3.0.8": "0"}, "name": "kafka-manager", "currentVersion": "1.3.0.8", "description": "A tool for managing Apache Kafka", "framework": false, "tags": ["message", "broker", "messaging", "management", "kafka"], "selected": false}, {"versions": {"4.5.3": "0"}, "name": "kibana", "currentVersion": "4.5.3", "description": "DCOS implementation of the Kibana, running on the Elasticsearch framework.", "framework": false, "tags": ["kibana", "monitoring", "logging"], "selected": false}, {"versions": {"0.3.1-0.1": "0", "0.4.0-0.1": "1", "0.5.0-0.1": "2", "0.6.0-0.1": "3", "0.7.0-0.1": "4", "0.8.1-0.1": "5", "0.8.1-0.2": "6", "0.8.1-0.3": "7", "0.8.3-0.1": "8", "0.8.6-0.1": "9"}, "name": "linkerd", "currentVersion": "0.8.6-0.1", "description": "A dynamic linker for microservices. Install, set your http proxy to $HOST:4140, and connect to your services via app name. linkerd will handle Marathon service discovery for you.", "framework": false, "tags": ["linkerd", "namerd", "buoyant", "loadbalancer", "service-discovery", "proxy", "microservices", "rpc"], "selected": false}, {"versions": {"0.0.3": "0", "0.0.4": "1", "0.0.7": "2"}, "name": "linkerd-viz", "currentVersion": "0.0.7", "description": "A visualization dashboard for linkerd.", "framework": false, "tags": ["linkerd", "namerd", "buoyant", "loadbalancer", "service-discovery", "proxy", "microservices", "rpc", "linkerd-viz", "dashboard", "visualization", "metrics"], "selected": false}, {"versions": {"2.3.4": "0"}, "name": "logstash", "currentVersion": "2.3.4", "description": "DCOS implementation of the Logstash.", "framework": false, "tags": ["logstash", "monitoring", "logging", "elk"], "selected": false}, {"versions": {"0.11.1": "0", "0.15.5": "1", "1.1.1": "3", "1.1.5": "5"}, "name": "marathon", "currentVersion": "1.1.5", "description": "A container orchestration platform for Mesos and DCOS.", "framework": true, "tags": ["init", "long-running"], "selected": true}, {"versions": {"0.0.3-0.1": "0", "0.0.4-0.1": "1", "0.0.5-0.1": "2", "0.0.6-0.1": "3", "1.2.1": "4", "1.2.2": "5", "1.3.0": "6", "1.3.1": "7", "1.3.2": "8", "1.3.3": "9", "1.3.4": "10", "1.3.5": "11", "1.4.0": "12", "1.4.1": "13", "1.4.2": "14", "1.4.3": "15"}, "name": "marathon-lb", "currentVersion": "1.4.3", "description": "HAProxy configured using Marathon state", "framework": false, "tags": ["loadbalancer", "service-discovery", "reverse-proxy", "proxy", "haproxy"], "selected": false}, {"versions": {"10.1.14": "0", "10.1.18": "1"}, "name": "mariadb", "currentVersion": "10.1.18", "description": "MariaDB is one of the most popular database servers in the world. It\u2019s made by the original developers of MySQL and guaranteed to stay open source. Notable users include Wikipedia, Facebook and Google. MariaDB is developed as open source software and as a relational database it provides an SQL interface for accessing data. The latest versions of MariaDB also include GIS and JSON features.", "framework": false, "tags": ["database", "mysql", "mariadb", "sql"], "selected": false}, {"versions": {"0.0.1": "0"}, "name": "memsql", "currentVersion": "0.0.1", "description": "MemSQL running on Apache Mesos. This framework provides the ability to create and manage a set of MemSQL clusters, each running with the MemSQL Ops management tool.", "framework": true, "tags": ["mysql", "database", "rdbms"], "selected": false}, {"versions": {"0.0.1": "0"}, "name": "mr-redis", "currentVersion": "0.0.1", "description": "Redis is the fastest in-memory KV-Cache and Datatstructure store", "framework": true, "tags": ["inmemory", "redis"], "selected": false}, {"versions": {"1.0.0": "0", "1.0.1": "1"}, "name": "msoms", "currentVersion": "1.0.1", "description": "Microsoft Operations Management Suite(MS OMS) \u2013 Container Solution provides real-time analytics for operational data (Performance, Inventory) and monitoring for Docker Containers.", "framework": false, "tags": ["msoms", "Microsoft"], "selected": false}, {"versions": {"5.7.12": "3"}, "name": "mysql", "currentVersion": "5.7.12", "description": "MySQL is the world's most popular open source database. With its proven performance, reliability and ease-of-use, MySQL has become the leading database choice for web-based applications, covering the entire range from personal projects and websites, via e-commerce and information services, all the way to high profile web properties including Facebook, Twitter, YouTube, Yahoo! and many more.", "framework": false, "tags": ["database", "mysql", "sql"], "selected": false}, {"versions": {"0.1": "0", "4.6.4-0.2": "1"}, "name": "mysql-admin", "currentVersion": "4.6.4-0.2", "description": "phpMyAdmin is a free software tool written in PHP, intended to handle the administration of MySQL over the Web. phpMyAdmin supports a wide range of operations on MySQL and MariaDB.\n\nThis DC/OS package is ready to be used alongside the DC/OS `mysql` package. Other MySQL servers may work, but haven't been tested.", "framework": false, "tags": ["mysql", "database", "admin"], "selected": false}, {"versions": {"0.3.1-0.1": "0", "0.4.0-0.1": "1", "0.5.0-0.1": "2", "0.6.0-0.1": "3", "0.7.0-0.1": "4"}, "name": "namerd", "currentVersion": "0.7.0-0.1", "description": "A service for managing name delegation for microservices. [DEPRECATED]", "framework": false, "tags": ["linkerd", "namerd", "buoyant", "loadbalancer", "service-discovery", "proxy", "microservices", "rpc"], "selected": false}, {"versions": {"0.2.29": "0", "1.0.0": "1"}, "name": "netsil", "currentVersion": "1.0.0", "description": "Netsil is the observability and analytics company for modern cloud applications. Netsil\u2019s Application Operations Center (AOC) helps SREs and DevOps improve the resilience and performance of API and microservices driven production applications.\n\n At the heart of the AOC is an auto-discovered service topology, which is rendered from live service interaction analysis. It allows practitioners to visualize their service dependencies and operational metrics and work collaboratively across teams. \n\n This enables effective application monitoring, capacity planning, incident response, and deploy management.", "framework": false, "tags": ["netsil", "monitoring", "microservices"], "selected": false}, {"versions": {"0.2.29": "0", "1.0.0": "1"}, "name": "netsil-collectors", "currentVersion": "1.0.0", "description": "The collectors package for Netsil.", "framework": false, "tags": ["netsil", "monitoring", "microservices", "collectors"], "selected": false}, {"versions": {"1.8.1": "1", "1.10.1": "4", "1.10.2": "5"}, "name": "nginx", "currentVersion": "1.10.2", "description": "nginx is a high performance HTTP and reverse proxy server.", "framework": false, "tags": ["proxy", "web-server", "cache", "reverse-proxy"], "selected": false}, {"versions": {"0.1": "0", "0.2": "1"}, "name": "openldap", "currentVersion": "0.2", "description": "OpenLDAP Software is an open source implementation of the Lightweight Directory Access Protocol.", "framework": true, "tags": ["ldap", "directory"], "selected": false}, {"versions": {"0.1": "0", "0.2": "1", "0.3": "2", "1.2.2-0.4": "3"}, "name": "openldap-admin", "currentVersion": "1.2.2-0.4", "description": "phpLDAPadmin is a web-based LDAP client. It provides easy, anywhere-accessible, multi-language administration for your LDAP server.\n\nThis DC/OS package is ready to be used alongside the DC/OS `openldap` package. Other LDAP servers may work, but haven't been tested.", "framework": false, "tags": ["ldap", "directory"], "selected": false}, {"versions": {"0.0.0-0.1": "0"}, "name": "openvpn", "currentVersion": "0.0.0-0.1", "description": "Your private path to access network resources and services securely: Server service", "framework": false, "tags": ["vpn", "remote-access"], "selected": false}, {"versions": {"0.0.0-0.1": "1"}, "name": "openvpn-admin", "currentVersion": "0.0.0-0.1", "description": "Your private path to access network resources and services securely: Admin service.", "framework": false, "tags": ["vpn", "remote-access"], "selected": false}, {"versions": {"0.1": "0", "5.1-0.2": "1"}, "name": "postgresql-admin", "currentVersion": "5.1-0.2", "description": "PhpPgAdmin is a web-based administration tool for PostgreSQL. It is perfect for PostgreSQL DBAs, newbies, and hosting services.\n\nThis DC/OS package is ready to be used alongside the DC/OS `postgresql` package. Other PostgreSQL servers may work, but haven't been tested.", "framework": false, "tags": ["postgres", "postgresql", "database", "admin"], "selected": false}, {"versions": {"1.2": "0", "1.2.1": "1"}, "name": "quobyte", "currentVersion": "1.2.1", "description": "Quobyte is a software defined and fault tolerant distributed file system running on commodity hardware.", "framework": true, "tags": ["storage", "filesystem", "bigdata"], "selected": false}, {"versions": {"3.0.7-0.0.1": "0"}, "name": "redis", "currentVersion": "3.0.7-0.0.1", "description": "This is a single redis container, which is not suited for HA setups. Redis is a popular in-memory data structure store, used as database, cache and message broker.. See documentation for more details: https://github.com/dcos/examples/tree/master/1.8/redis ", "framework": false, "tags": ["mesosphere", "service", "redis", "storage"], "selected": false}, {"versions": {"0.1.1": "0"}, "name": "riak", "currentVersion": "0.1.1", "description": "A distributed NoSQL key-value data store that offers high availability, fault tolerance, operational simplicity, and scalability.", "framework": true, "tags": ["database", "riak", "NoSql"], "selected": false}, {"versions": {"1.5.0-multi-roles-v2": "0", "1.6.0": "4", "1.0.0-1.6.1-2": "13"}, "name": "spark", "currentVersion": "1.0.0-1.6.1-2", "description": "Spark is a fast and general cluster computing system for Big Data.  Documentation: https://docs.mesosphere.com/usage/managing-services/spark/", "framework": false, "tags": ["bigdata", "mapreduce", "batch", "analytics"], "selected": true}, {"versions": {"0.1.0": "0"}, "name": "spark-notebook", "currentVersion": "0.1.0", "description": "Spark Notebook package for DCOS", "framework": true, "tags": ["spark", "notebook", "spark-notebook", "interactive", "big-data", "apachespark", "data-fellas"], "selected": false}, {"versions": {"0.1.0": "0"}, "name": "storm", "currentVersion": "0.1.0", "description": "Apache Storm is a stream processing framework.", "framework": true, "tags": ["streaming"], "selected": false}, {"versions": {"latest": "0"}, "name": "sysdig-cloud", "currentVersion": "latest", "description": "Sysdig Cloud is the first and only monitoring, alerting, and troubleshooting solution designed from the ground up to provide unprecedented visibility into containerized infrastructures. Sysdig Cloud comes with built-in, first class support for Mesos, Marathon, and DC/OS.\n\nThis package will automatically deploy the Sysdig Cloud agent container on each Mesos Agent (aka Slave) node in your cluster. Note, for maximum functionality, including full metadata support, you'll still need to manually install the Sysdig Cloud agent container on each of your Mesos Master nodes as well. See the docs for complete instructions: http://support.sysdigcloud.com/hc/en-us/articles/207886103", "framework": false, "tags": ["sysdig", "sysdigcloud", "monitoring"], "selected": false}, {"versions": {"0.8.5": "0"}, "name": "vamp", "currentVersion": "0.8.5", "description": "Canary test/release and autoscaling platform for DC/OS", "framework": false, "tags": ["vamp", "canary", "testing", "autoscaling"], "selected": false}, {"versions": {"0.14.0": "0", "0.15.0": "1"}, "name": "weavescope", "currentVersion": "0.15.0", "description": "Live visualisation, monitoring and management\n\nWeave Scope produces a live interactive map of your containerized services and applications with no coding and no instrumentation", "framework": false, "tags": ["microservices", "visualisation", "monitoring"], "selected": false}, {"versions": {"0.14.0": "0", "0.15.0": "1"}, "name": "weavescope-probe", "currentVersion": "0.15.0", "description": "Live visualisation, monitoring and management\n\nWeave Scope produces a live interactive map of your containerized services and applications with no coding and no instrumentation", "framework": false, "tags": ["microservices", "visualisation", "monitoring"], "selected": false}, {"versions": {"0.5.6": "3", "0.6.0": "2"}, "name": "zeppelin", "currentVersion": "0.5.6", "description": "Zeppelin is a web-based notebook that enables interactive data analytics", "framework": true, "tags": ["nflabs", "framework", "bigdata", "spark", "notebook", "interactive"], "selected": false}]}