{
  "id": "{{kubernetes.app-id}}",
  "cpus": {{kubernetes.cpus}},
  "mem": {{kubernetes.mem}},
  "container": {
    "type": "DOCKER",
    "docker": {
      "image": "{{kubernetes.docker-image}}",
      "forcePullImage": true,
      "network": "HOST"
    }
  },
  "env":{
    "GLOG_v": "{{kubernetes.logging-verbosity}}",
    "DEFAULT_DNS_NAME": "{{kubernetes.app-id}}{{kubernetes.dns-suffix}}",
    "FRAMEWORK_NAME": "{{kubernetes.framework-name}}",
    "FRAMEWORK_WEBURI": "http://{{kubernetes.app-id}}{{kubernetes.dns-suffix}}:{{kubernetes.apiserver-port}}",

    {{#kubernetes.mesos-role}}
    "K8SM_MESOS_ROLE": "{{kubernetes.mesos-role}}",
    {{/kubernetes.mesos-role}}

    {{#kubernetes.disable-etcd-server}}
    "DISABLE_ETCD_SERVER": "{{kubernetes.disable-etcd-server}}",
    {{/kubernetes.disable-etcd-server}}

    {{#kubernetes.etcd-server-list}}
    "ETCD_SERVER_LIST": "{{kubernetes.etcd-server-list}}",
    {{/kubernetes.etcd-server-list}}

    {{#kubernetes.enable-dns}}
    "ENABLE_DNS": "{{kubernetes.enable-dns}}",
    {{/kubernetes.enable-dns}}

    {{#kubernetes.kube-dns-domain}}
    "DNS_DOMAIN": "{{kubernetes.kube-dns-domain}}",
    {{/kubernetes.kube-dns-domain}}

    {{#kubernetes.kube-dns-service-ip}}
    "DNS_SERVER_IP": "{{kubernetes.kube-dns-service-ip}}",
    {{/kubernetes.kube-dns-service-ip}}

    {{#kubernetes.kube-dns-replicas}}
    "DNS_REPLICAS": "{{kubernetes.kube-dns-replicas}}",
    {{/kubernetes.kube-dns-replicas}}

    {{#kubernetes.kube-dns-nameservers}}
    "DNS_NAMESERVERS": "{{kubernetes.kube-dns-nameservers}}",
    {{/kubernetes.kube-dns-nameservers}}

    {{#kubernetes.portal-net}}
    "PORTAL_NET": "{{kubernetes.portal-net}}",
    {{/kubernetes.portal-net}}

    {{#kubernetes.scheduler-service-ip}}
    "SCHEDULER_SERVICE_ADDRESS": "{{kubernetes.scheduler-service-ip}}",
    {{/kubernetes.scheduler-service-ip}}

    "K8SM_FAILOVER_TIMEOUT": "{{kubernetes.failover-timeout}}",
    "APISERVER_PORT": "{{kubernetes.apiserver-port}}",
    "APISERVER_RO_PORT": "{{kubernetes.apiserver-ro-port}}",
    "APISERVER_SECURE_PORT": "{{kubernetes.apiserver-secure-port}}",
    "SCHEDULER_PORT": "{{kubernetes.scheduler-port}}",
    "SCHEDULER_DRIVER_PORT": "{{kubernetes.scheduler-driver-port}}",
    "CONTROLLER_MANAGER_PORT": "{{kubernetes.controller-manager-port}}"
  },
  "ports": [{{kubernetes.apiserver-port}}, {{kubernetes.apiserver-ro-port}}, {{kubernetes.apiserver-secure-port}}, {{kubernetes.scheduler-port}}, {{kubernetes.controller-manager-port}}, {{kubernetes.scheduler-driver-port}}],
  "requirePorts": true,
  "upgradeStrategy":{
    "minimumHealthCapacity": 0,
    "maximumOverCapacity": 0
  },
  "instances": {{kubernetes.instances}},
  "uris": {{kubernetes.uris}},
  "healthChecks": [
    {
      "protocol": "HTTP",
      "path": "/healthz",
      "portIndex": 2,
      "gracePeriodSeconds": 120,
      "intervalSeconds": 60,
      "maxConsecutiveFailures": 2
    }
  ]
}
