{
    "id": "{{datadog.app_id}}",
    "container": {
        "type": "DOCKER",
        "docker": {
            "image": "alq666/docker-dd-agent:mesos",
            "parameters": [
                {
                    "key": "name", "value": "dd-agent"
                },
                {
                    "key": "env", "value": "API_KEY={{datadog.api_key}}"
                },
                {
                    "key": "env", "value": "MARATHON_URL={{datadog.marathon_url}}"
                }
            ],
            "network": "BRIDGE",
            "portMappings": [
                { "hostPort": {{datadog.statsd_port}}, "containerPort": 8125, "protocol": "udp" },
                { "hostPort": {{datadog.supervisor_port}}, "containerPort": 9001, "protocol": "tcp" }
            ]
        },
        "volumes": [
            {
                "containerPath": "/var/run/docker.sock",
                "hostPath": "/var/run/docker.sock",
                "mode": "RW"
            },
            {
                "containerPath": "/host/proc/mounts",
                "hostPath": "/proc/mounts",
                "mode": "RO"
            },
            {
                "containerPath": "/host/sys/fs/cgroup",
                "hostPath": "/sys/fs/cgroup",
                "mode": "RO"
            }
        ]
    },
    "cpus": {{datadog.cpus}},
    "mem": {{datadog.mem}},
    "instances": {{datadog.instances}},
    "acceptedResourceRoles": ["slave_public", "*"],
    "constraints": [
        ["hostname", "UNIQUE"],
	["hostname", "GROUP_BY"]
    ],
    "healthChecks": [
        {
            "path": "/",
            "portIndex": 1,
            "protocol": "HTTP",
            "gracePeriodSeconds": 300,
            "intervalSeconds": 60,
            "timeoutSeconds": 20,
            "maxConsecutiveFailures": 3,
            "ignoreHttp1xx": false
        }
    ]
}
