{
  "assets": {
    "uris": {
      "jre-tar-gz": "https://downloads.mesosphere.com/kafka/assets/jre-8u72-linux-x64.tar.gz",
      "kafka_tgz": "https://s3-us-west-2.amazonaws.com/confluent-mesos-devel/confluent-2.0.1-mesos.tgz",
      "scheduler-zip": "https://downloads.mesosphere.com/kafka/assets/1.0.2-0.9.0.1/scheduler.zip",
      "overrider-zip": "https://downloads.mesosphere.com/kafka/assets/1.0.3-0.9.0.1/overrider.zip"
    }
  },
  "images": {
    "icon-small": "https://s3-us-west-2.amazonaws.com/confluent-mesos-devel/ConfIcon_small.png",
    "icon-medium": "https://s3-us-west-2.amazonaws.com/confluent-mesos-devel/ConfIcon_medium.png",
    "icon-large": "https://s3-us-west-2.amazonaws.com/confluent-mesos-devel/ConfIcon_large.png"
  }
}
