{
  "id": "{{crate.framework-name}}",
  "instances": {{crate.framework.instances}},
  "cpus": {{crate.framework.cpus}},
  "mem": {{crate.framework.memory}},
  "ports": [{{crate.framework.api-port}}],
  "env": {
    {{#crate.framework.auth.enabled}}
      "MESOS_AUTHENTICATE": "true",
      "DEFAULT_PRINCIAL": "{{crate.framework.auth.princial}}",
      "DEFAULT_SECRET": "{{crate.framework.auth.secret}}"
    {{/crate.framework.auth.enabled}}
  },
  "uris": [
    "https://cdn.crate.io/downloads/openjdk/jre-7u80-linux.tar.gz",
    "https://cdn.crate.io/downloads/releases/crate-mesos-0.1.0.tar.gz"
  ],
  "cmd": "env && $(pwd)/jre/bin/java $JAVA_OPTS -jar $(pwd)/crate-mesos-*.jar --zookeeper {{crate.framework.zookeeper}} --framework-name {{crate.framework-name}} {{#crate.framework.user}}--framework-user \"{{crate.framework.user}}\"{{/crate.framework.user}} {{#crate.framework.role}}--framework-role \"{{crate.framework.role}}\"{{/crate.framework.role}} --crate-cluster-name {{crate.cluster-name}} --crate-version {{crate.version}} --api-port $PORT0 --crate-http-port {{crate.http-port}} --crate-transport-port {{crate.transport-port}} {{#crate.data-path}} --crate-data-path {{crate.data-path}} {{/crate.data-path}} {{#crate.blob-path}} --crate-blob-path {{crate.blob-path}} {{/crate.blob-path}} --resource-cpus {{crate.resources.cpus}} --resource-memory {{crate.resources.memory}} --resource-heap {{crate.resources.heap}} --resource-disk {{crate.resources.disk}}",
  "healthChecks": [
    {
      "protocol": "COMMAND",
      "command": { "value": "curl -f -X GET http://$HOST:$PORT0/" },
      "maxConsecutiveFailures": 3
    }
  ]
}
