{
  "assets": {
    "uris": {
      "jre-7u80-linux-tar-gz": "https://cdn.crate.io/downloads/openjdk/jre-7u80-linux.tar.gz",
      "crate-mesos-0-1-0-tar-gz": "https://cdn.crate.io/downloads/releases/crate-mesos-0.1.0.tar.gz"
    }
  },
  "images": {
    "icon-small": "https://cdn.crate.io/web/2.0/img/crate-mesos/crate-small.png",
    "icon-medium": "https://cdn.crate.io/web/2.0/img/crate-mesos/crate-medium.png",
    "icon-large": "https://cdn.crate.io/web/2.0/img/crate-mesos/crate-large.png"
  }
}
