{
    "assets": {
    },

    "cli": {
        "binaries": {
            "darwin": {
                "x86-64": {
                    "contentHash": [
                        {
                            "algo": "sha256",
                            "value": "0598fbbd4709c9f6a64d186a25323b76da51c4ba9c950d6953728308ab42a204"
                        }
                    ],
                    "kind": "zip",
                    "url": "https://downloads.mesosphere.io/cli/binaries/darwin/x86-64/1.0.4/0598fbbd4709c9f6a64d186a25323b76da51c4ba9c950d6953728308ab42a204/dcos-enterprise-cli"
                }
            },
            "linux": {
                "x86-64": {
                    "contentHash": [
                        {
                            "algo": "sha256",
                            "value": "32f842257cd631e5c3f682beebf7c4f5cdff73fb8c1784627c3137553eacdaad"
                        }
                    ],
                    "kind": "zip",
                    "url": "https://downloads.mesosphere.io/cli/binaries/linux/x86-64/1.0.4/32f842257cd631e5c3f682beebf7c4f5cdff73fb8c1784627c3137553eacdaad/dcos-enterprise-cli"
                }
            }
        }
    }
}
