{
  "images": {
    "icon-small": "http://riak-tools.s3.amazonaws.com/riak-mesos/riak-mesos-small.png",
    "icon-medium": "http://riak-tools.s3.amazonaws.com/riak-mesos/riak-mesos-medium.png",
    "icon-large": "http://riak-tools.s3.amazonaws.com/riak-mesos/riak-mesos-large.png",
    "screenshots": [
      "http://riak-tools.s3.amazonaws.com/riak-mesos/riak-mesos-screenshot.png"
    ]
  },
  "assets": {
    "uris": {
      "riak_mesos_linux_amd64_0-1-1-tar-gz": "http://riak-tools.s3.amazonaws.com/riak-mesos/coreos/riak_mesos_linux_amd64_0.1.1.tar.gz"
    }
  }
}
